{"l_pix":0.9532593488693237,"l_tot":-1.4389435052871704,"step_time":0.05617403984069824,"epoch":1,"_timestamp":1.730386491065159e+09,"l_smt":0.32179105281829834,"l_sim":-2.713993787765503,"_runtime":17.599172057,"_step":599,"_wandb":{"runtime":17}}