{"l_smt":0.03300942853093147,"_timestamp":1.730376249603984e+09,"epoch":3,"l_sim":-2.9639439582824707,"time_per_epoch":0.04496312141418457,"_runtime":111.116001994,"l_pix":0.42419806122779846,"_wandb":{"runtime":111},"l_tot":-2.5067362785339355,"_step":2184}