{"l_smt":0.0701238289475441,"epoch":100,"l_tot":-2.8635501861572266,"l_sim":-3.4611682891845703,"l_pix":0.5274942517280579,"_runtime":2962.6686934,"_step":117599,"_timestamp":1.7303894900248828e+09,"step_time":0.04254770278930664,"_wandb":{"runtime":2962}}