{"_step":117599,"l_smt":0.1023959368467331,"_runtime":2875.111297662,"epoch":100,"l_tot":-4.043187618255615,"_timestamp":1.7303182811564505e+09,"l_pix":0.7571409940719604,"_wandb":{"runtime":2875},"l_sim":-4.902724742889404,"step_time":0.04283881187438965}