{"l_tot":-4.679325580596924,"_step":117599,"l_smt":0.10235638916492462,"l_pix":0.8553174734115601,"_runtime":2905.371527153,"_timestamp":1.7313229406332035e+09,"epoch":100,"step_time":0.04169917106628418,"l_sim":-5.636999607086182,"_wandb":{"runtime":2905}}