{"l_tot":-4.353821277618408,"step_time":0.04832863807678223,"_timestamp":1.7310066930977914e+09,"l_smt":0.14461195468902588,"_runtime":2817.753792796,"_step":117599,"epoch":100,"_wandb":{"runtime":2817},"l_sim":-5.266895294189453,"l_pix":0.7684621810913086}