{"_step":117599,"epoch":100,"l_tot":-4.148568153381348,"_timestamp":1.7307627590464008e+09,"l_sim":-4.982183456420898,"l_pix":0.7418312430381775,"l_smt":0.09178377687931061,"_runtime":28369.02989162,"_wandb":{"runtime":28370},"step_time":0.049280405044555664}