{"_step":117599,"_wandb":{"runtime":22197},"_timestamp":1.730417487244367e+09,"l_sim":-4.285623550415039,"l_smt":0.10587601363658905,"l_pix":0.6454518437385559,"step_time":0.04811596870422363,"l_tot":-3.5342957973480225,"_runtime":22196.878950587,"epoch":100}