{"l_smt":3.1435463428497314,"_step":117599,"l_pix":2.5775747299194336,"_timestamp":1.7310787176151705e+09,"_wandb":{"runtime":3111},"l_sim":-19.53675651550293,"_runtime":3111.839730265,"step_time":0.047693729400634766,"epoch":100,"l_tot":-13.815634727478027}