{"epoch":6,"l_tot":-2.8809027671813965,"_runtime":180.858011053,"_step":3577,"l_pix":0.5310693383216858,"l_smt":0.08283871412277222,"l_sim":-3.4948108196258545,"_wandb":{"runtime":180},"_timestamp":1.7303864240074894e+09,"step_time":0.04866170883178711}