{"_timestamp":1.7309990097528014e+09,"epoch":100,"l_smt":0.14730551838874817,"_runtime":4743.234676926,"step_time":0.05474519729614258,"l_tot":-4.228383541107178,"l_pix":0.7928776144981384,"l_sim":-5.168566703796387,"_wandb":{"runtime":4743},"_step":117599}