{"l_sim":-4.954092025756836,"epoch":100,"l_pix":0.7722641825675964,"_wandb":{"runtime":3015},"_timestamp":1.7303933406374974e+09,"l_smt":0.2467183619737625,"l_tot":-3.9351093769073486,"_runtime":3015.525898042,"_step":117599,"step_time":0.04388165473937988}