{"l_smt":0.032570697367191315,"_timestamp":1.7303861734712632e+09,"_wandb":{"runtime":113},"step_time":0.0496821403503418,"l_tot":-2.4128024578094482,"_step":4425,"epoch":4,"_runtime":112.942847123,"l_sim":-3.039790153503418,"l_pix":0.5944170355796814}