{"epoch":14,"step_time":0.05117297172546387,"_wandb":{"runtime":1107},"l_smt":0.09717878699302673,"_runtime":1107.340163333,"_step":15837,"l_pix":0.5717090964317322,"l_tot":-3.134939432144165,"_timestamp":1.7303859959869401e+09,"l_sim":-3.8038272857666016}