{"l_tot":-2.4472920894622803,"_wandb":{"runtime":165},"l_smt":0.069964200258255,"epoch":6,"_timestamp":1.7303828153864818e+09,"time_per_epoch":0.04740023612976074,"l_sim":-3.1351101398468018,"_runtime":165.890557178,"l_pix":0.6178538799285889,"_step":3275}