{"_timestamp":1.7303837338341634e+09,"l_sim":-3.1200802326202393,"l_smt":0.03599400073289871,"l_pix":0.47370445728302,"l_tot":-2.610381603240967,"_step":5889,"time_per_epoch":0.0495297908782959,"_wandb":{"runtime":791},"_runtime":791.273242091,"epoch":10}