{"_wandb":{"runtime":3225},"epoch":100,"l_pix":1.1849631071090698,"_step":117599,"l_smt":10.030993461608887,"l_tot":-87.98328399658203,"_timestamp":1.7310841953029597e+09,"step_time":0.05463457107543945,"l_sim":-99.19923400878906,"_runtime":3225.210104837}